ask_code,topic,en,ko,ru,zh,mn,zh_py,note
va001,va,sun (n.),해(太陽),солнце,太阳,нар,tai4 yang2,
va006,va,moon (n.),달,луна,月亮,сар,yue4 liang,
va009,va,star (n.),별,звезда,星星,од,xing1 xing,
va011,va,sky,하늘,небо,天(天空的+),тэнгэр,tian1 (tian1 kong1 de +),
va013,va,light (n.),빛,свет,光(太阳光的+),гэрэл,guang1 (tai4 yang2 guang1 de +),
va014,va,land (n.),땅,земля,地(天地的+),газар,di4,
va015,va,soil (n.),흙,почва,土(泥土的+),шороо,tu3 (ni2 tu3 de +),
va017,va,field (n.),밭/들,поле,田(几亩田的+),тариалангийн талбай,tian2 (ji3 mu3 tian2 de +),
va018,va,sand,모래,песок,沙子(盖房子用的+),элс,sha1 zi (gai4 fang2 zi yong4 de +),
va031,va,forest,숲,лес,林子(长满树的+),ой,lin2 zi (zhang3 man3 shu4 de +),
va033,va,stock farm,목장,пастбище,牧场,бэлчээр,mu4 chang3,
va034,va,mountain,산,гора,山(上山的+),уул,shan1 (shang4 shan1 de +),
va047,va,river,강,река,江(江河的+),гол,jiang1 (jiang1 he2 de +),
va048,va,rivulet,시내/내,речка,小河,,xiao3 he2,
va055,va,ice,얼음,лёд,冰(结冰的+),мөс,bing1 (jie2 bing1 de +),
va056,va,water,물,вода,水(喝水的+),ус,shui3 (he1 shui3 de +),
va057,va,well,우물,колодец,井(水井的+),худаг,jing3 (shui3 jing3 de +),
va062,va,fire,불,огонь,火(着火的+),гал,huo3 (zhao2 huo3 de +),
va063,va,stone,돌,камень,石头,чулуу,shi2 tou,
va065,va,country/nation,나라,страна,国(国家的+),улс,guo2 (guo2 jia1 de +),
va081,va,village,마을/동네,деревня,村(村子的+),тосгон,cun1 (cun1 zi de +),
va084,va,place,장소,место,地方(这个地方+),газар,di4 fang (zhe4 ge di4 fang de +),
vw003,vw,"flood, inundation",홍수,наводнение,洪水,үер,hong2 shui3,
vw004,vw,"flood, inundation",가뭄,засуха,旱灾,ган,han4 zai1,
vw010,vw,rain,비,дождь,雨(+下雨的+),бороо,yu3 (xia4 yu3 de +),
vw012,vw,snow,눈(雪),снег,雪(下雪的+),цас,xue3 (xia4 xue3 de +),
vw013,vw,snow(v),내리다(눈이+),идёт снег,下(下雪的+),цас орох,xia4 (xia4 xue3 de +),
vw014,vw,snowstorm,눈보라,метель,风雪,цасан шуурга,feng1 xue3,
vw016,vw,wind,바람,ветер,风(刮风的+),салхи,feng1 (gua1 feng1 de +),
vw017,vw,blow,불다(바람이+),дует ветер,刮(刮风的+),салхилах,gua1 (gua1 feng1 de +),
vw019,vw,cloud,구름,облако,云彩,үүл,yun2 cai,
vw020,vw,clear,맑다,ясно,晴(晴天的+),цэлмэх,qing2 (qing2 tian1 de +),
vw021,vw,cloudy,흐리다(날씨가+),облачно,阴(阴天的+),бүрхэх,yin1 (yin1 tian1 de +),
vw029,vw,thunder (n.),천둥,гром,雷(打雷的+),аянга,lei2 (da3 lei2 de +),
vw031,vw,lightning,번개,молния,闪电,цахилгаан,shan3 dian4,
vw035,vw,dew,이슬,роса,露水,шүүдэр,lu4 shui3,
vw036,vw,freeze,얼다,замерзать,冻(白菜冻了的+),хөлдөх,dong4 (bai2 cai4 dong4 le de +),
vy004,vy,year,해/년,год,年(2005年的+),он,nian2 (er4 ling2 ling2 wu3 nian2 de +),
vy005,vy,this year,금년,этот год,今年,энэ жил,jin1 nian2,
vy006,vy,last year,작년,прошлый год,去年,ноднин,qu4 nian2,
vy008,vy,next year,내년,следующий год,明年,ирэх жил,ming2 nian2,
vy011,vy,spring (n.),봄,весна,春天,хавар,chun1 tian1,
vy012,vy,summer,여름,лето,夏天,зун,xia4 tian1,
vy013,vy,autumn,가을,осень,秋天,намар,qiu1 tian1,
vy014,vy,winter,겨울,зима,冬天,өвөл,dong1 tian1,
vy015,vy,month,달/월,месяц,月(一月的+),сар,yue4 (yi2 yue4 de +),
vy042,vy,(a) day,날(日),день (напр. три дня),天/日(三天的+),өдөр,tian1 /ri4 (san1 tian1 de +),
vy044,vy,today,오늘,сегодня,今天,өнөөдөр,jin1 tian1,
vy045,vy,yesterday,어제,вчера,昨天,өчигдөр,zuo2 tian1,
vy050,vy,tomorrow,내일,завтра,明天,маргааш,ming2 tian1,
vy073,vy,morning,아침,утро,早晨,өглөө,zao3 chen2,
vy074,vy,noon,낮(밤과 낮),день (напр. день и ночь),白天(白天和夜晚的+),өдөр (жб. өдөр шөнө),bai2 tian1 (bai2 tian2 he2 ye4 wan3 de +),
vy080,vy,evening,저녁,вечер,晚上,орой,wan3 shang,
vy081,vy,night,밤,ночь,夜(深夜的+),шөнө,ye4 (shen1 ye4 de +),
vy085,vy,when,언제,когда,什么时候,хэзээ,shen2 me shi2 hou,
vy089,vy,after this(that) time,나중에,потом,以后,сүүлд,yi3 hou4,
vy093,vy,at first,먼저,сначала,先(我先走了的+),эхлээд,xian1 (wo3 xian1 zou3 le de +),
vy101,vy,already,이미,уже,已经,хэдийнээ,yi3 jing1,
vy102,vy,"yet, still",아직,ещё,还(还没走的+),хараахан,hai2 (hai2 mei2 zou3 de +),
vy108,vy,(for a) little while,잠깐(+동안),недолго,一会儿,түр зуур,yi2 hui4r,
vy109,vy,sometimes,가끔,иногда,有时(我有时抽烟的+),хааяа,you3 shi2 (wo3 you3 shi2 chou1 yan1 de +),
vy112,vy,How old are you?,몇 살(당신은 +입니까?),Сколько (Вам) лет?,岁(年岁的+),хэдэн настай,sui4 (nian2 sui4 de +),
vy114,vy,right now,지금,сейчас,现在,эдүүгээ,xian4 zai4,
vy123,vy,New Year,새해,Новый Год,新年,шинэ жил,xin1 nian2,
vy126,vy,birthday,생일,день рождения,生日,төрсөн өдөр,sheng1 ri4,
vr001,vr,person/people,사람,человек,人(中国人的+),хүн,ren2 (zhong1 guo2 ren2 de +),
vr002,vr,last (family) name,성씨,фамилия,姓(您贵姓的+),овог,xing4 (nin2 gui4 xing4 de +),
vr003,vr,first (given) name,이름,имя,名字,нэр,ming2 zi,
vr008,vr,man,남자,мужчина,男人,эрэгтэй,nan2 ren2,
vr009,vr,woman,여자,женщина,女人,эмэгтэй,nv3 ren2,
vr011,vr,family,가족,,家族,гэр бүл,jia1 zu2,
vr188,vr,maternal grandfather,외할아버지,дедушка по материнской линии,外祖父/姥爷,нагац эцэг,wai4 zu3 fu4 /lao3 ye2,
vr189,vr,maternal grandmother,외할머니,бабушка по материнской линии,外祖母/姥姥,нагац эх,wai4 zu3 mu3 /lao3 lao,
vr015,vr,parents,부모,родители,父母,эцэг эх,fu4 mu3,
vr016,vr,father,아버지,отец,父亲,эцэг,fu4 qin1,
vr017,vr,mother,어머니,мать,母亲,эх,mu3 qin1,
vr018,vr,dad,아빠,папа,爸爸,аав,ba4 ba,
vr022,vr,son,아들,сын,儿子,хүү,er2 zi,
vr023,vr,daughter,딸,дочь,女儿,охин,nv3 er2,
vr024,vr,elder brother,형,старший брат (для мужчины),哥哥(男→男),ах (би эрэгтэй),ge1 ge (nan2→nan2),
vr025,vr,elder brother,오빠,старший брат (для женщины),哥哥(女→男),ах (би эмэгтэй),ge1 ge (nv3→nan2),
vr026,vr,elder sister,누나,старшая сестра (для мужчины),姐姐(男→女),эгч (би эрэгтэй),jie3 jie (nan2→nv3),
vr028,vr,younger brother,남동생,младший брат,弟弟,дүү,di4 di,
vr029,vr,younger sister,여동생,младшая сестра,妹妹,охин дүү,mei4 mei,
vr030,vr,"younger brother, younger sister",동생,"младший брат, младшая сестра",弟弟妹妹,дүү,di4 di mei4 mei,
vr050,vr,grandson,손자,внук,孙子,ач хүү,sun1 zi,
vr051,vr,granddaughter,손녀,внучка,孙女,ач охин,sun1 nv3,
vr079,vr,husband,남편,муж,丈夫,нөхөр,zhang4 fu,
vr080,vr,wife,아내,жена,妻子,эхнэр,qi1 zi,
vr083,vr,father-in-law,시아버지,свёкр,公公,хадам аав (би эмэгтэй),gong1 gong,
vr084,vr,mother-in-law,시어머니,свекровь,婆婆,хадам ээж (би эмэгтэй),po2 po,
vr085,vr,daughter in law,며느리,невестка,儿媳妇,бэр охин,er2 xi2 fu,
vr086,vr,father in law,장인,тесть,老丈人/岳父,хадам аав (би эрэгтэй),lao3 zhang4 ren /yue4 fu4,
vr087,vr,mother in law,장모,тёща,丈母娘/岳母,хадам ээж (би эмэгтэй),zhang4 mu3 niang2 /yue4 mu3,
vr088,vr,son in law,사위,зять,女婿/姑爷,хүргэн хүү,nv3 xu /gu1 ye,
vr186,vr,relatives via marriage,사돈,свойственник,亲家,,qing4 jia,
vr092,vr,child,아이,ребёнок,小孩儿,хүүхэд,xiao3 hai2 er,
vr095,vr,young boy,사내아이,,男孩,,nan2 hai2,
vr098,vr,young girl,여자아이,,女孩,,nv3 hai2,
vr099,vr,young man,청년,парень,青年,залуу,qing1 nian2,
vr100,vr,maid,처녀,девушка,姑娘,охин,gu1 niang,
vr103,vr,old man,노인,старик,老人,хөгшин хүн,lao3 ren2,
vr104,vr,elderly woman,노인(여),старуха,老人(女)/老太太,эмгэн,lao3 ren2 (nv3)/lao3 tai4 tai,
vr105,vr,adult,어른,взрослый,大人,насанд хүрсэн хүн,da4 ren2,
vr108,vr,"master, host",주인,хозяин,主人(房子的主人的+）,эзэн,zhu3 ren2 （fang2 zi de zhu3 ren2）,
vr110,vr,guest,손님,гость,客人,зочин,ke4 ren2,
vr111,vr,tourist,나그네,прохожий,过客/过路人,аянчин,guo4 ke4/guo4 lu4 ren2,
vr118,vr,shepherd,양치기,пастух овец,放羊的,хоньчин,fang4 yang2 de,
vr119,vr,man who raises cattle/cowboy,소치기,пастух коров,放牛的,үхэрчин,fang4 niu2 de,
vr120,vr,lip service,말치기,табунщик,牧马人/放马的,адуучин,mu4 ma3 ren2/fang4 ma3 de,
vr121,vr,a hunter,사냥꾼,охотник,猎人,анчин,lie4 ren,
vr122,vr,fisherman,어민/어부,рыбак,渔夫,загасчин,yu2 fu1,
vr135,vr,friend,친구,друг,朋友,найз,peng2 you,
vr139,vr,teacher,스승,учитель,老师,багш,lao3 shi1,
vr140,vr,"student, pupil",학생,ученик,学生,сурагч,xue2 sheng,
vr141,vr,hero,영웅,герой,英雄,баатар,ying1 xiong2,
vr162,vr,thief,도둑,вор,贼盗/强盗,хулгайч,zei2 dao4/qiang2 dao4,
vc039,vc,money,돈/화폐,деньги,钱(金钱的+),мөнгө,qian2 (jin1 qian2 de +),
vc059,vc,the rich,부자,"богачи, богатые",富人/有钱人,баян хүн,fu4 ren2 /you3 qian2 ren2,
vc064,vc,buy,사다,покупать,买(买东西的+),худалдаж авах,mai3 (mai3 dong1 xi de +),
vc065,vc,sell,팔다,продавать,卖(卖东西的+),зарах,mai4 (mai4 dong1 xi de +),
vc069,vc,paper,종이,бумага,纸(纸笔的+),цаас,zhi3 (zhi3 bi3 de +),
vc075,vc,drawing,그림,"картина, рисунок",画儿(年画儿的+),зураг,hua4r(nian2 hua4r de +),
vc076,vc,draw (picture),그리다(그림을+),рисовать,画(画图的+),зурах,hua4(hua4 tu2 de +),
vc078,vc,book,책,книга,书(看书的+),ном,shu1 (kan4 shu1 de +),
vc087,vc,song,노래,песня,歌儿,дуу,ge1r,
vc105,vc,speech,말(言),речь,话(说话的+),үг яриа,hua4(shuo1 hua4 de +),
vc107,vc,sound,소리,звук,声音(开门的声音的+）,дуу авиа,sheng1 yin1 (kai1 men2 de sheng1 yin1 de+),
vc108,vc,power,힘,сила,力气,хүч,li4 qi,
vc109,vc,business,용건,дело,事情,хэрэг,shi4 qing,
vc110,vc,"job, work, task",일(事),работа,工作,ажил,gong1 zuo4,
vc113,vc,thing,물건,вещь,东西,юм,dong1 xi,
vc119,vc,God,신(神),Бог,神(神仙的+),тэнгэр,shen2 (shen2 xian1 de +),
vc122,vc,market,시장,"рынок, базар",市场(集贸市场的+),"зах, зах зээл",shi4 chang3（ji2 mao4 shi4 chang3 de +),
vc189,vc,school,학교,школа,学校,сургууль,xue2 xiao4,
vc202,vc,hell,지옥,ад,地狱,там,di4 yu4,
vc208,vc,railroad station,역,вокзал,站(车站的+),галт тэрэгний буудал,zhan4 (che1 zhan4 de+),
vt003,vt,soldier,군인,солдат,军人,цэрэг,jun1 ren2,
vt011,vt,war,전쟁,война,战争,дайн,zhan4 zheng1,
vt035,vt,win,이기다,выигрывать,赢(输赢的+),дийлэх,ying2 (shu1 ying2 de +),
vt036,vt,lose,지다(敗),проигрывать,败(败仗的+),дийлдэх,bai4 (bai4 zhang4 de +),
vt037,vt,enemy,적,враг,敌人,дайсан,di2 ren2,
vt040,vt,knife,칼,нож,刀(小刀的+),хутга,dao1 (xiao3 dao1 de +),
vt041,vt,sword,검,меч,剑(刀剑的+),"илд, сэлэм",jian4 (dao1 jian4 de +),
vt042,vt,bow,활,лук (оружие),弓(弓箭的+),нум,gong1 (gong1 jian4 de +),
vt043,vt,arrow,화살,стрела,箭(射箭的+),сум (нумны+),jian4 (she4 jian4 de +),
vt046,vt,gun,총,ружьё,枪(打枪的+),буу,qiang1 (da3 qiang1 de +),
vt047,vt,spear (n.),창(槍),копьё,长枪,жад,chang2 qiang1,
vt053,vt,bullet,총알,пуля,子弹,сум (бууны+),zi3 dan4,
vt055,vt,gunpowder,화약,порох,火药,дарь,huo3 yao4,
vt060,vt,road/path,길,путь,道路,зам,dao4 lu4,
vt065,vt,carriage,수레,повозка,车(手推车的+),тэрэг,che1 (shou3 tui1 che1 de +),
vb002,vb,head,머리,голова,头(头脑的+),толгой,tou2 (tou2 nao3 de +),
vb003,vb,hair,머리카락,волосы (на голове человека),头发,үс,tou2 fa,
vb006,vb,forehead,이마,лоб,额头/脑门,магнай,e2 tou2 /nao3 men2,
vb007,vb,face,얼굴,лицо,脸(脸红的+),нүүр,lian3 (lian3 hong2 de +),
vb010,vb,eye,눈(眼),глаз,眼睛,нүд,yan3 jing,
vb014,vb,tear(n. from the eyes),눈물,слеза,眼泪,нулимс,yan3 lei4,
vb015,vb,nose,코,нос,鼻子,хамар,bi2 zi,
vb017,vb,ear,귀,ухо,耳朵,чих,er3 duo,
vb019,vb,mouth,입,рот,嘴(人的+),ам,zui3 (ren2 de +),
vb020,vb,lip,입술,губа,嘴唇,уруул,zui3 chun2,
vb023,vb,tongue,혀,язык (напр. коровий),舌头,хэл,she2 tou,
vb024,vb,tooth,이/치아,зуб,牙齿,шүд,ya2 chi3,
vb032,vb,throat,목구멍,горло,喉咙,хоолой,hou2 long2,
vb033,vb,voice,목소리,голос,声音(说话声音的+）,дуу,sheng1 yin1(shuo1 hua4 sheng1 yin1 de +),
vb035,vb,cheek,뺨,щека,脸颊,хацар,lian3 jia2,
vb037,vb,jaw,턱,челюсть,下巴,эрүү,xia4 ba,
vb039,vb,neck,목,шея,脖子,хүзүү,bo2 zi,
vb040,vb,shoulder,어깨,плечо,肩膀,мөр,jian1 bang3,
vb041,vb,breast,가슴,грудь,胸脯,цээж,xiong1 pu2,
vb042,vb,back,등,спина,脊背,нуруу,ji3 bei4,
vb043,vb,abdomen,배(腹),живот,肚子,гэдэс,du4 zi,
vb047,vb,hand,손,кисть (от запястья до конца пальцев),手(手脚的+),гар (бугуйнаас хуруу хүртэлх хэсэг),shou3 (shou3 jiao3 de+),
vb048,vb,foot,발,стопа,脚(手脚的+),хɵл (шагайгаас ул хүртэлх хэсэг),jiao3 (shou3 jiao3 de +),
vb055,vb,finger,손가락,палец,手指,гарын хуруу,shou3 zhi3,
vb062,vb,nail,손톱,ноготь (на руке),手指甲,гарын хумс,shou3 zhi3 jia3,
vb063,vb,toenail,발톱(사람의+),ноготь (на ноге),脚趾甲,хөлийн хумс,jiao3 zhi3 jia3,
vb066,vb,knee,무릎,колено,膝盖,өвдөг,xi1 gai4,
vb074,vb,heart,심장,сердце,心脏,зүрх,xin1 zang4,
vb075,vb,waist,허리,поясница,腰(腰疼的+),нуруу,yao1 (yao1 teng2 de +),
vb077,vb,backbone,척추,позвоночник,脊柱/脊梁骨/脊椎,сээр нуруу,ji3 zhu4 /ji3 liang2 gu3/ji3 zhui1,
vb078,vb,breast (womans),유방(사람의+),грудь (женская),乳房(人的),хөх,ru3 fang2 (ren2 de ),
vb080,vb,navel,배꼽,пуп,肚脐,хүйс,du4 qi2,
vb083,vb,flesh,살,плоть,肉(我大腿上的肉的+),мах,rou4 (wo3 da4 tui3 shang4 de rou4 de +),
vb085,vb,stomach,위,желудок,胃(肠胃的+),ходоод,wei4 (chang2 wei4 de +),
vb086,vb,bowels,장,кишка,肠(肠子的+),гэдэс дотор,chang2 (chang2 zi de +),
vb093,vb,kidney,콩팥,почка (напр. левая),肾(肾脏的+),бөөр,shen4 (shen4 zang4 de +),
vb094,vb,liver,간,печень,肝(肝脏的+),элэг,gan1 (gan1 zang4 de +),
vb095,vb,gallbladder,쓸개,жёлчь,胆(苦胆的+),цөс,dan3 (ku3 dan3 de +),
vb096,vb,lungs,폐,лёгкие,肺(肺气肿的+),уушги,fei4 (fei4 qi4 zhong3 de +),
vb098,vb,vesica,방광,мочевой пузырь,膀胱,давсаг,pang1 guang1,
vb100,vb,blood,피,кровь,血(流血的+),цус,xue4 (liu2 xue4 de +),
vb102,vb,breathe,숨쉬다,дышать,喘气,амьсгалах,chuan3 qi4,
vb104,vb,become pregnant,임신하다(사람이+),беременеть,怀孕,жирэмслэх,huai2 yun4,
vb108,vb,brain,뇌,мозг,脑子,уураг тархи,nao3 zi,
vb111,vb,moustache,콧수염,усы,小胡子/胡子,живэр,xiao3 hu2 zi,
vb114,vb,skin,피부,кожа (напр. на руках),皮肤,арьс,pi2 fu1,
vb115,vb,bone,뼈,кость,骨头,яс,gu3 tou,
vb116,vb,rib,갈비,ребро,肋骨,хавирга,lei4 gu3,
vb128,vb,feces,똥(사람의+),кал,屎/大便(人的),баас,shi3 /da4 bian4,
vb130,vb,urine,오줌,моча,尿(尿液的+),шээс,niao4 (niao4 ye4 de +),
vb135,vb,sweat,땀,пот,汗(汗水的+),хөлс,han4 (han4 shui3 de +),
vb147,vb,sleep,잠,сон (напр. здоровый),睡眠,нойр,shui4 mian2,
vz001,vz,sickness,병(病),болезнь,病(生病的+),өвчин,bing4 (sheng1 bing4 de +),
vz003,vz,fall ill,걸리다(병에+),заболеть,得(得病 的+),өвчин тусах,de2 (de2 bing4 de +),
vz005,vz,painful,아프다(머리가+),болеть (напр. У меня голова болит.),痛/疼(头疼的+),(толгой) өвдөх,tong4 /teng2 (tou2 teng2 de +),
vz006,vz,wound,상처,рана,伤口,шарх,shang1 kou3,
vz010,vz,fever,열(이마의+),температура (напр. у больного),烧(发烧的+),халуун,shao1 (fa1 shao1 de +),
vz026,vz,drug,약,лекарство,药(吃药的+),эм,yao4 (chi1 yao4 de +),
vz027,vz,take medicine,먹다(약을+),принимать лекарство,吃(吃药的+),эм уух,chi1 (chi1 yao4 de +),
vl001,vl,house,집,дом,房子,байшин,fang2 zi,
vl008,vl,reside,거주하다,,住(居住的+),,zhu4 (ju1 zhu4 de +),
vl010,vl,door,문,дверь,门(大门的+),үүд,men2 (da4 men2 de +),
vl015,vl,roof,지붕,крыша,房顶,дээвэр,fang2 ding3,
vl016,vl,pillar,기둥,столб,柱子,багана,zhu4 zi,
vl025,vl,quilt,이불,,被子,хөнжил,bei4 zi,
vl028,vl,pillow,베개,подушка,枕头,дэр,zhen3 tou,
vl037,vl,table,탁자,стол,桌子,ширээ,zhuo1 zi,
vl041,vl,firewood,장작,дрова,柴火,түлээ мод,chai2 huo,
vl044,vl,lamp,등/등불,лампа,灯(电灯的+),дэн,deng1 (dian4 deng1 de +),
vl049,vl,rope,밧줄,канат,大绳子/粗绳子,олс,da4 sheng2 zi /cu1 sheng2 zi,
vl082,vl,storehouse,창고,склад,仓库,амбаар,cang1 ku4,
vl090,vl,kitchen,부엌,кухня,厨房,гал тогоо,chu2 fang2,
vl105,vl,sickle,낫(짧은+),серп,镰刀(短把的+),хадуур,lian2 dao1 (duan3 ba4 de +),
vl106,vl,scythe,낫(긴+),коса,镰刀(长把的+),шимээсэг,lian2 dao1 (chang2 ba4 de +),
vl108,vl,"nail, spike",못,гвоздь,钉子,хадаас,ding1 zi,
vl110,vl,axe,도끼,топор,斧子,сүх,fu3 zi,
vl118,vl,bit,재갈,удила,马嚼子,амгай,ma3 jiao2 zi,
vl120,vl,saddle,안장,седло,鞍(马鞍子的+),эмээл,an1 (ma3 an1 zi de +),
vl123,vl,bridle,굴레,"узда, уздечка",笼头,ногт,long2 tou,
vl124,vl,rein(s),고삐,"вожжи, повод",缰绳,жолоо,jiang1 sheng,
vl126,vl,thill,끌채,оглобля,车辕,арал,che1 yuan2,
vl128,vl,whip,채찍,"кнут, бич",鞭子,ташуур,bian1 zi,
vl143,vl,mirror,거울,зеркало,镜子,толь,jing4 zi,
vl149,vl,comb,빗(총칭),расчёска,梳子,сам,shu1 zi,
vl189,vl,a bamboo comb,참빗,частый гребень,篦子,нарийн шүдтэй сам,bi4 zi,
vl151,vl,scissors,가위,ножницы,剪子,хайч,jian3 zi,
vl158,vl,dust,먼지,пыль,灰尘,тоос,hui1 chen2,
vl162,vl,smoke,연기,дым,烟(冒烟的+),утаа,yan1 (mao4 yan1 de +),
vl176,vl,fishing net,그물,рыболовная сеть,鱼网,тор,yu2 wang3,
vg001,vg,clothes,옷,одежда,衣服,хувцас,yi1 fu,
vg002,vg,put on,입다(옷을+),одеваться,穿(穿衣服的+),өмсөх,chuan1 (chuan1 yi1 fu de +),
vg003,vg,take off,벗다(옷을+),раздеваться,脱(脱衣服的+),тайлах,tuo1 (tuo1 yi1 fu de +),
vg005,vg,trousers,바지,"штаны, брюки",裤子,өмд,ku4 zi,
vg008,vg,leather,가죽,шкура (напр. овечья),皮革,арьс шир,pi2 ge2,
vg009,vg,leather garment,가죽옷,"одежда из кожи, кожаная одежда",皮衣,арьсан хувцас,pi2 yi1,
vg010,vg,fur,털가죽/모피,мех,毛皮,ангийн үс,mao2 pi2,
vg011,vg,fur clothes,모피옷,одежда из меха,皮袄,ангийн үсээр хийсэн хувцас,pi2 ao3,
vg067,vg,fur coat,모피 외투,шуба,毛皮外套兒,ангийн үсээр хийсэн пальто,mao2 pi2 wai4 tao4r,
vg012,vg,headgear,모자(총칭),головной убор,帽子(总称),малгай,mao4 zi (zong3 cheng1),
vg013,vg,fur hat,털모자,шапка (меховая),毛皮帽子,үстэй малгай,mao2 pi2 mao4 zi,
vg016,vg,thread,실,"нитка, нить",线(缝衣服线的+),утас,xian4 (feng2 yi1 fu xian4 de +),
vg018,vg,wool,양털,овечья шерсть,羊毛,хонины ноос,yang2 mao2,
vg019,vg,cloth,천/옷감,ткань,布(布料的+),бөс даавуу,bu4 (bu4 liao4 de +),
vg029,vg,shoes,신발,обувь,鞋/鞋子(穿鞋的+),гутал,xie2 /xie2 zi (chuan1 xie2 de +),
vg033,vg,underwear,속옷,нижнее белье,衬衣(内衣),дотуур хувцас,chen4 yi1 (nei4 yi1),
vg050,vg,needle,바늘/침(針),"игла, иголка",针(缝衣服用的+),зүү,zhen1 (feng2 yi1 fu yong4 de +),
vg052,vg,sew,바느질하다,шить,缝(缝衣服的+),оёх,feng2 (feng2 yi1 fu de +),
vf002,vf,breakfast,아침식사,завтрак,早饭,өглөөний хоол,zao3 fan4,
vf003,vf,lunch,점심식사,обед,午饭,үдийн хоол,wu3 fan4,
vf004,vf,dinner,저녁식사,ужин,晚饭,оройн хоол,wan3 fan4,
vf006,vf,oil,기름,масло (напр. растительное),油(油腻的+),тос,you2 (you2 ni4 de +),
vf007,vf,"gruel, porridge",죽,каша,粥(大米粥的+),зутан шөл,zhou1 (da4 mi3 zhou1 de +),
vf008,vf,soup,수프/탕/국,суп,汤(鸡肉汤的+),шөл,tang1 (ji1 rou4 tang1 de +),
vf009,vf,eat,먹다,есть,吃(吃饭的+),идэх,chi1 (chi1 fan4 de +),
vf010,vf,drink,마시다,пить,喝(喝酒的+),уух,he1 (he1 jiu3 de +),
vf013,vf,hungry,고프다(배가+),голодный,饿(肚子饿了的+),гэдэс өлсөх,e4 (du4 zi e4 le de +),
vf014,vf,full,부르다(배가+),сытый,饱(吃饱了的+),цадах,bao3 (chi1 bao3 le de +),
vf015,vf,thirsty,마르다(목이+),испытывать жажду,渴(口渴了的+),ам цангах,ke3 (kou3 ke3 le de +),
vf017,vf,cooking,요리하다,готовить (пищу),烹饪,хоол хийх,peng1 ren4,
vf021,vf,boil,삶다,варить,煮(煮牛肉的+),чанах,zhu3 (zhu3 niu2 rou4 de +),
vf028,vf,rice,쌀,рис,大米,цагаан будаа,da4 mi3,
vf029,vf,boiled rice,밥/쌀밥,варёный рис,饭/米饭,агшаасан цагаан будаа,fan4,
vf037,vf,flour,밀가루,мука (пшеничная),面粉,улаан буудайн гурил,mian4 fen3,
vf042,vf,meat,고기,мясо,肉(肉的总称),мах,rou4 (rou4 de zong3 cheng1 +),
vf058,vf,ripe,익다(과일 등이+),спелый,熟(水果熟了的+),боловсрох,shu2 (shui3 guo3 shu2 le de +),
vf059,vf,egg,알/달걀,яйцо,蛋(鸡蛋的+),өндөг,dan4 (ji1 dan4 de +),
vf060,vf,candy/sugar,사탕/설탕,,糖(水果糖的+),чихэр,tang2 (shui3 guo3 tang2 de +),
vf061,vf,milk,젖,молоко,奶(妈妈的奶的＋),сүү,nai3 (ma1 ma de nai3 de +),
vf177,vf,mare's milk,마유,кобылье молоко,马奶,гүүний сүү,ma3 nai3,
vf178,vf,kumiss,마유주,кумыс,,гүүний айраг,,
vf069,vf,get drunk,취하다,"быть пьяным, опьянеть",醉(喝醉了的+),согтох,zui4 (he1 zui4 le de +),
vf074,vf,honey,꿀,мёд,蜂蜜,зөгийн бал,feng1 mi4,
vf077,vf,cigarette,담배,сигареты,烟(香烟的+),тамхи,yan1 (xiang1 yan1 de +),
vf078,vf,smoke,피우다(담배를+),курить,吸(吸烟的+),тамхи татах,xi1 (xi1 yan1 de +),
vf079,vf,salt,소금,соль,盐(咸盐的+),давс,yan2 (xian2 yan2 de +),
vf085,vf,"tasty, delicious",맛있다,вкусный,好吃,амттай,hao3 chi1,
vf086,vf,flat,맛없다,невкусный,不好吃,амтгүй,bu4 hao3 chi1,
vf088,vf,sweet,달다,сладкий,甜(糖很甜的+),чихэрлэг,tian2 (tang2 hen3 tian2 de +),
vf089,vf,bitter,쓰다(맛이+),горький,苦(药很苦的+),гашуун,ku3 (yao4 hen3 ku3 de +),
vf092,vf,salty,짜다(맛이+),солёный,咸(菜做咸了的+),шорвог,xian2 (cai4 zuo4 xian2 le de +),
vf094,vf,sour,시다,кислый,酸(醋很酸的+),исгэлэн амттай,suan1 (cu4 hen3 suan1 de +),
vf120,vf,beans,콩,бобы,大豆/黄豆,буурцаг,da4 dou4/huang2 dou4,
vf122,vf,green onion,파,зелёный лук,葱(大葱的+),сонгино,cong1 (da4 cong1 de +),
vf154,vf,jar,단지,горшок,坛子,шавар ваар,tan2 zi,
vf161,vf,chopsticks,젓가락,палочки (для еды),筷子,савх,kuai4 zi,
vf165,vf,kettle,솥,котёл,锅子,тогоо,guo1 zi,
vf169,vf,cover,뚜껑,крышка (напр. котла),盖子,таг халив,gai4 zi,
vh007,vh,wolf,이리/늑대,волк,狼(野狼的+),чоно,lang2 (ye3 lang2 de +),
vh008,vh,fox,여우,лиса,狐狸,үнэг,hu2 li,
vh013,vh,roe deer,노루,косуля,獐子,бор гөрөөс,zhang1 zi,
vh019,vh,weasel,족제비,хорёк,黄鼠狼,солонго,huang2 shu3 lang2,
vh023,vh,wild bore,멧돼지,кабан,野猪,бодон гахай,ye3 zhu1,
vh035,vh,hunting knife,사냥용 칼,охотничий нож,猎刀,ан гөрөөний хутга,lie4 dao1,
vh036,vh,"booty, game",수렵물,охотничья добыча,猎物,ан амьтан,lie4 wu4,
vh037,vh,chase,추격하다(동물을+),преследовать (животного),追踪(+猎物),мөшгих,zhui1 zong1 (+ lie4 wu4),
vh040,vh,trap,덫,ловушка,猎套,хавх,lie4 tao4,
vh041,vh,hare,토끼(산+),заяц,兔子,туулай,tu4 zi,
vh046,vh,tiger,호랑이,тигр,老虎,бар,lao3 hu3,
vh049,vh,marten,담비(흑담비),"соболь, куница",貉子,булга,hao2 zi,
vh051,vh,rat,쥐,крыса,老鼠,хулгана,lao3 shu3,
vk002,vk,horse,말(馬),лошадь,马(骑马的+),морь,ma3 (qi2 ma3 de +),
vk005,vk,,종마,жеребец,种马,азарга,zhong3 ma3,
vk011,vk,tail,꼬리,хвост,尾巴,сүүл,wei3 ba,
vk017,vk,ride,타고가다(말을+),ехать (верхом на лошади),骑(骑马的+),морь унаад явах,qi2 (qi2 ma3 de +),
vk018,vk,circle,우리(가축의+),загон,圈(羊圈的+),хот хороо,juan4 (yang2 juan4 de +),
vk023,vk,cattle,소,корова,牛(黄牛的+),үхэр,niu2 (huang2 niu2 de +),
vk030,vk,sheep,면양,овца,绵羊,хонь,mian2 yang2,
vk034,vk,goat,염소,коза,山羊,ямаа,shan1 yang2,
vk043,vk,pig,돼지,свинья,猪(猪肉的+),гахай,zhu1 (zhu1 rou4 de +),
vk044,vk,dog,개,собака,狗(小狗的+),нохой,gou3 (xiao3 gou3 de +),
vk045,vk,cat,고양이,кошка,猫(小花猫的+),муур,mao1 (xiao3 hua1 mao1 de +),
vk048,vk,feed,먹이다,кормить,喂(喂东西吃的+),идүүлэх,wei4 (wei4 dong1 xi chi1 de +),
vk051,vk,prey,사료,корм,饲料,малын тэжээл,si4 liao4,
vk052,vk,hay,꼴(草),фураж,干草,хадлан,gan1 cao3,
vk055,vk,"herd, flock",떼/무리,стадо,群(一群羊的+),сүрэг,qun2 (yi4 qun2 yang2 de +),
vk058,vk,horn,뿔,рог,角(动物头上的+),эвэр,jiao3 (dong4 wu4 tou2 shang de +),
vk059,vk,"fur, wool",털(동물의+),шерсть,毛(动物身上的+),үс,mao2 (dong4 wu4 shen1 shang de +),
vo001,vo,chicken,닭,курица,鸡(公鸡的+),тахиа,ji1 (gong1 ji1 de +),
vo005,vo,bird,새,птица,鸟(小鸟儿的+),шувуу,niao3 (xiao3 niao3r de +),
vo009,vo,pheasant,꿩,фазан,野鸡,гургуул,ye3 ji1,
vo023,vo,hawk,매,ястреб,老鹰,харцага,lao3 ying1,
vo026,vo,wing,날개,крыло,翅膀,жигүүр,chi4 bang3,
vo030,vo,nest,둥지,гнездо,巢(鸟巢的+),шувууны үүр,chao2 (niao3 chao2 de+ ),
vi001,vi,fish,물고기,рыба,鱼(金鱼的+),загас,yu2 (jin1 yu2 de +),
ve001,ve,worm,벌레,червяк,虫(虫子的+),хорхой,chong2 (chong2 zi de +),
ve006,ve,ant,개미,муравей,蚂蚁,шоргоолж,ma3 yi3,
ve009,ve,mosquito,모기,комар,蚊子,шумуул,wen2 zi,
ve013,ve,snake,뱀,змея,蛇(毒蛇的+),могой,she2 (du2 she2 de +),
ve016,ve,frog,개구리,лягушка,蛙(青蛙的+),мэлхий,wa1 (qing1 wa1 de +),
vv002,vv,tree,나무,дерево,树(大树的+),мод,shu4 (da4 shu4 de +),
vv005,vv,pine (tree),소나무,сосна,松树,нарс,song1 shu4,
vv006,vv,willow,버드나무,ива,柳树,бургас/уд мод,liu3 shu4,
vv008,vv,poplar,포플러/사시나무/백양나무,тополь,杨树,улиангар мод,yang2 shu4,
vv010,vv,oak,참나무,дуб,柞树,царс,zuo4 shu4,
vv015,vv,grass,풀,трава,草(小草的+),өвс,cao3 (xiao3 cao3 de +),
vv020,vv,bark,나무껍질,кора (дерева),树皮,холтос,shu4 pi2,
vv025,vv,flower,꽃,цветок,花(玫瑰花的+),цэцэг,hua1 (mei2 gui hua1 de +),
vv026,vv,seed,종자,семя,种子,үр,zhong3 zi,
vv027,vv,leaf,잎,лист,叶子,навч,ye4 zi,
vv028,vv,branch,나뭇가지,ветка,树枝,модны мөчир,shu4 zhi1,
vj002,vj,gold,금,золото,金(金子的+),алт,jin1 (jin1 zi de+),
vj003,vj,silver,은,серебро,银(银子的+),мөнгө,yin2 (yin2 zi de +),
vj004,vj,copper,동(銅),медь,铜(铜器的＋),зэс,tong2 (tong2 qi4 de +),
vj005,vj,iron,쇠,железо,铁(铁棍的+),төмөр,tie3 (tie3 gun4 de +),
vd001,vd,east,동(東),восток,东(东西南北的+),"зүүн, дорно",dong1 (dong1 xi1 nan2 bei3 de+),
vd002,vd,west,서,запад,西(东西南北的+),"баруун, өрнө",xi1 (dong1 xi1 nan2 bei3 de +),
vd003,vd,south,남,юг,南(东西南北的+),"өмнө, урд",nan2 (dong1 xi1 nan2 bei3 de +),
vd004,vd,north,북(北),север,北(东西南北的+),"хойд, умар",bei3 (dong1 xi1 nan2 bei3 de +),
vd009,vd,in,안(집+에),в доме,里(家里的+),дотор,li3 (jia1 li de +),
vd010,vd,outside,밖(집+에),вне дома,外(门外的+),гадна,wai4 (men2 wai4 de+),
vd016,vd,center,가운데,в центре,中(中间的+),дунд,zhong1 (zhong1 jian1 de +),
vd020,vd,"by, beside",옆(집+),рядом с домом,旁边,хажуу,pang2 bian1,
vd021,vd,close by,곁(내+),рядышком со мной,近旁,дэргэд,jin4 pang2,
vd024,vd,above,위(집+),над домом,上(屋顶上的+),дээр,shang4 (wu1ding3 shang4 de +),
vd025,vd,under,아래(다리+),под мостом,下(大桥下的+),доор,xia4 (da4 qiao2 xia4 de +),
vd032,vd,to the left,왼쪽으로,налево,往左,зүүн тийш,wang3 zuo3,
vd033,vd,to the right,오른쪽으로,направо,往右,баруун тийш,wang3 you4,
vd034,vd,on the left,왼쪽에,слева,在左边,зүүн талд,zai4 zuo3 bian,
vd035,vd,on the right,오른쪽에,справа,在右边,баруун талд,zai4 you4 bian,
vd036,vd,here,여기,здесь,这里,энд,zhe4 li,
vd037,vd,there,저기/거기,там,那里,тэнд,na4 li,
vd038,vd,this way,이리로,сюда,往这边,ийшээ,wang3 zhe4 bian,
vd039,vd,that way,저리로,туда,往那边,тийшээ,wang3 na4 bian,
vd044,vd,front,앞/앞쪽,впереди,前面/前边,өмнө,qian2 mian /qian2 bian,
vd045,vd,back,뒤/뒤쪽,сзади,后面/后边,хойд,hou4 mian /hou4 bian,
vd046,vd,in the front of a house,집 앞,перед домом,房前,гэрийн урд,fang2 qian2,
vd047,vd,behind a house,집 뒤,за домом,房后,гэрийн ар,fang2 hou4,
vd048,vd,forward,앞으로,вперёд,往前,урагш,wang3 qian2,
vd049,vd,backward,뒤로,назад,往后,хойш,wang3 hou4,
vq007,vq,one,일(一),один,一,нэг,yi1,
vq008,vq,two,이(二),два,二,хоёр,er4,
vq010,vq,four,사,четыре,四,дөрөв,si4,
vq011,vq,five,오,пять,五,тав,wu3,
vq012,vq,six,육,шесть,六,зургаа,liu4,
vq013,vq,seven,칠,семь,七,долоо,qi1,
vq014,vq,eight,팔(八),восемь,八,найм,ba1,
vq015,vq,nine,구,девять,九,ес,jiu3,
vq016,vq,ten,십,десять,十,арав,shi2,
vq019,vq,thirteen,십삼,тринадцать,十三,арван гурав,shi2 san1,
vq021,vq,fifteen,십오,пятнадцать,十五,арван тав,shi2 wu3,
vq026,vq,twenty,이십,двадцать,二十,хорь,er4 shi2,
vq028,vq,thirty,삼십,тридцать,三十,гуч,san1 shi2,
vq029,vq,forty,사십,сорок,四十,дөч,si4 shi2,
vq030,vq,fifty,오십,пятьдесят,五十,тавь,wu3 shi2,
vq031,vq,sixty,육십,шестьдесят,六十,жар,liu4 shi2,
vq032,vq,seventy,칠십,семьдесят,七十,дал,qi1 shi2,
vq033,vq,eighty,팔십,восемьдесят,八十,ная,ba1 shi2,
vq034,vq,ninety,구십,девяносто,九十,ер,jiu3 shi2,
vq035,vq,hundred,백,сто,一百,зуу,yi4 bai3,
vq038,vq,thousand,천(千),тысяча,一千,мянга,yi4 qian1,
vq041,vq,ten thousand,만,десять тысяч,一万,"арван мянга, түм",yi2 wan4,
vq048,vq,how many,몇 개,сколько штук,几个,хэдэн,ji3 ge,
vq049,vq,"how many, how much",얼마,сколько,多少(多少人的+),хичнээн,duo1 shao (duo1 shao ren2 de +),
vq051,vq,first,첫째,первый,第一,нэгдүгээр,di4 yi1,
vq062,vq,the last,마지막,последний,最后,сүүлчийн,zui4 hou4,
vq063,vq,one person,한 사람,один человек,一个人,нэг хүн,yi2 ge ren2,
vq066,vq,once,한 번,(один) раз,一次,нэг удаа,yi2 ci4,
vq067,vq,twice,두 번,два раза,两次,хоёр удаа,liang2 ci4,
vq070,vq,one by one,한 개씩,по одному,各一个,нэг нэгээр,ge4 yi2 ge,
vq071,vq,in groups of two,두 개씩,по два,各两个,хоёр хоёроор,ge4 liang3 ge,
vq076,vq,more than,이상(10+),больше 10,以上,арваас дээш,yi3 shang4,
vq077,vq,less than,이하(10+),меньше 10,以下,арваас доош,yi3 xia4,
vq079,vq,half,절반,половина,一半儿,хагас,yi2 ban4r,
vq083,vq,all,모두/다,"всё, все",都/全,бүгд,dou1 /quan2,
vq084,vq,"many, much",많다,много,多(太多了的+),олон,duo1 (tai4 duo1 le de +),
vq085,vq,little,적다,мало,少,цөөн,shao3,
vq086,vq,some,조금,немного,一些/一点儿,"бага, жаахан",yi4 xie1/yi4 dian3r,
vq094,vq,length,길이,длина,长短,урт,chang2 duan3,
vq096,vq,height,높이,высота,高度,өндөр,gao1 du4,
vq097,vq,"area, dimensions",넓이,площадь,宽度,өргөн,kuan1 du4,
vq098,vq,weight,무게,вес,重量,хүндийн жин,zhong4 liang,
vp001,vp,I,나,я,我,би,wo3,
vp003,vp,we (excl.),우리(청자 미포함),мы (не включая собеседника),我们,бид,wo3 men,
vp006,vp,you,너,ты,你,чи,ni3,
vp012,vp,he,그,он,他(男人的+),тэр,ta1 (nan2 ren2 de +),
vp013,vp,she,그녀,она,她(女人的+),тэр,ta1 (nv3 ren2 de +),
vp018,vp,they,그들,они (мужчины),他们(男人的+),,ta1 men (nan2 ren2 de +),
vp021,vp,this,이것,это,这个,энэ,zhe4 ge,
vp022,vp,these (ones),이것들,эти,这些,эд,zhe4 xie1,
vp025,vp,how,어떻게,как,怎么样/怎样,яаж,zen3 me yang4 /zen3 yang4,
vp026,vp,where,어디,где,哪里,хаана,na3 li,
vp027,vp,where (direction),어느쪽,куда,哪边,хаашаа,na3 bian1,
vp028,vp,this,이(+집/+나무/+방),"этот (дом), это (дерево), эта (комната)",这(这是我家的+),энэ,zhe4 (zhe4 shi4 wo3 jia1 de +),
vp030,vp,Why did you come here?,왜(+왔습니까?),Почему (вы пришли?),为什么,яагаад,wei4 shen2 me,
vp032,vp,who,누구,кто,谁(你是谁的+),хэн,shei2 (ni3 shi4 shei2 de +),
vp033,vp,what,무엇,что,什么(这是什么的+),юу,shen2 me (zhe4 shi4 shen2 me de +),
vp034,vp,whose,누구의,чей,谁的(这是谁的笔+),хэний,shei2 de (zhe4 shi4 shei2 de bi3 de +),
vp038,vp,"which, what",어느/어떤,какой,哪(哪国人的+),ямар,na3 (na3 guo2 ren2 de +),
vp046,vp,another person,남/타인,чужой,別人,бусад хүн,bie2 ren,
vn001,vn,large,크다,большой,大,том,da4,
vn003,vn,"small, little",작다,маленький (о размере),小,бага,xiao3,
vn005,vn,high,높다,высокий,高(高低的+),өндөр,gao1 (gao1 di1 de +),
vn006,vn,low,낮다,низкий,低(高低的+),нам,di1 (gao1 di1 de +),
vn007,vn,long,길다,длинный,长(长短的+),урт,chang2 (chang2 duan3 de +),
vn008,vn,short (adj.),짧다,короткий,短(长短的+),богино,duan3 (chang2 duan3 de +),
vn009,vn,distant,멀다,далёкий,远(远近的+),хол,yuan3 (yuan3 jin4 de +),
vn010,vn,near,가깝다,близкий,近(远近的+),ойр,jin4 (yuan3 jin4 de +),
vn011,vn,deep,깊다,глубокий,深(深浅的+),гүн,shen1 (shen1 qian3 de +),
vn012,vn,shallow (adj.),얕다,мелкий (напр. речка),浅(深浅的+),гүехэн,qian3 (shen1 qian3 de +),
vn013,vn,thick,두껍다,толстый (напр. журнал),厚(厚薄的+),зузаан,hou4 (hou4 bao2 de +),
vn014,vn,thin,얇다,тонкий (напр. журнал),薄(厚薄的+),нимгэн,bao2 (hou4 bao2 de +),
vn015,vn,"thick, big",굵다,толстый (напр. палка),粗(粗细的+),бүдүүн,cu1 (cu1 xi4 de +),
vn016,vn,"slim, slender",가늘다,тонкий (напр. палка),细(粗细的+),нарийн,xi4 (cu1 xi4 de +),
vn017,vn,heavy,무겁다,тяжёлый,重(轻重的+),хүнд,zhong4 (qing1 zhong4 de +),
vn018,vn,light,가볍다,лёгкий (напр. ноша),轻(轻重的+),хөнгөн,qing1 (qing1 zhong4 de +),
vn019,vn,fast,빠르다,быстрый,快(快慢的+),хурдан,kuai4 (kuai4 man4 de +),
vn020,vn,slow,느리다(속도가+),медленный,慢(快慢的+),удаан,man4 (kuai4 man4 de +),
vn022,vn,hot (weather),덥다,жарко,热(冷热的+),(бүгчим) халуун,re4 (leng3 re4 de +),
vn023,vn,cold (weather),춥다,холодно (о погоде),冷(冷热的+),хүйтэн,leng3 (leng3 re4 de +),
vn025,vn,cold,차다,холодный (о воде),凉(水凉了的+),хүйтэн,liang2 (shui3 liang2 le de +),
vn030,vn,new,새롭다,новый,新(新旧的+),шинэ,xin1 (xin1 jiu4 de +),
vn031,vn,old (sth),낡다(옷이+),старый (напр. одежда),旧(新旧的+),хуучин,jiu4 (xin1 jiu4 de +),
vn033,vn,old (sb),늙다,старый (человек),老(老人的+),хөгшин,lao3 (lao3 ren2 de +),
vn034,vn,young,젊다,молодой,年轻,залуу,nian2 qing1,
vn035,vn,genuine,진짜의,подлинный,真(真假的+),үнэн,zhen1(zhen1 jia3 de +),
vn036,vn,"false, fake",가짜의,фальшивый,假(假面具的+),худал,jia3 (jia3 mian4 ju4 de+),
vn037,vn,good,좋다,хороший,好(好坏的+),сайн,hao3 (hao3 huai4 de +),
vn038,vn,bad,나쁘다,плохой,坏(坏人的+),муу,huai4 (huai4 ren2 de +),
vn049,vn,easy,쉽다,лёгкий (напр. задача),容易,амар,rong2 yi,
vn056,vn,wide,넓다(너비),широкий,宽(宽阔的+),өргөн,kuan1 (kuai1 kuo4 de +),
vn057,vn,narrow,좁다(너비),узкий,窄(宽窄的+),нарийн,zhai3 (kuan1 zhai3 de +),
vn058,vn,expensive,비싸다,дорогой,贵(太贵了的+),үнэтэй,gui4 (tai4 gui4 le de +),
vn059,vn,cheap,싸다,дешёвый,便宜,хямд,pian2 yi,
vn072,vn,smart,똑똑하다,умный,聪明/英明,ухаантай,cong1 ming /ying1 ming2,
vn073,vn,stupid,어리석다,глупый,愚蠢,мунхаг,yu2 chun3,
vn078,vn,red,붉다/빨갛다,красный,红,улаан,hong2,
vn079,vn,yellow,노랗다,жёлтый,黄,шар,huang2,
vn080,vn,blue,파랗다,синий,蓝(海蓝色的+),хөх,lan2 (hai3 lan2 se4 de +),
vn081,vn,white,희다,белый,白色,цагаан,bai2 se4,
vn082,vn,black,검다,чёрный,黑色,хар,hei1 se4,
vn083,vn,green,초록,зелёный,绿色,ногоон,lv4 se4,
vn097,vn,straight,곧다,прямой,直(直线的+),шулуун,zhi2 (zhi2 xian4 de +),
vn099,vn,bend,굽다(曲),согнутый,弯/曲(弯曲的+),бөгтийх,wan1 /qu1 (wan1 qu1 de +),
vn108,vn,"hard, solid",단단하다,твёрдый,硬(软硬的+),хатуу,ying4 (ruan3 ying4 de +),
vn109,vn,soft,물렁물렁하다/부드럽다,мягкий (напр. мягкий хлеб),软(软硬的+),зөөлөн,ruan3 (ruan3 ying4 de +),
vn115,vn,light,밝다,светлый,亮(光亮的+),гэгээтэй,liang4 (guang1 liang4 de +),
vn116,vn,dark,어둡다,тёмный,暗(阴暗的+),харанхуй,an4 (yin1 an4 de +),
vn125,vn,clean,깨끗하다,чистый,干净,цэвэр,gan1 jing4,
vn126,vn,dirty,더럽다,грязный,脏(脏衣服的+),бузар,zang1 (zang1 yi1 fu de +),
vn127,vn,moist,젖은,мокрый,湿(潮湿的+),нойтон,shi1 (chao2 shi1 de +),
vn128,vn,dry,마른,сухой,干(干燥的+),хуурай,gan1 (gan1 zao4 de +),
vn129,vn,tall,크다(키가+),высокий (о росте),高(他个子很高的+),өндөр нуруутай,gao1 (ta1 ge4 zi hen3 gao1 de +),
vn130,vn,short,작다(키가+),"маленький, невысокий (о росте)",矮(个子矮的+),намхан нуруутай,ai3 (ge4 zi ai3 de +),
vn139,vn,"glad, pleased",기쁘다,радостный,高兴(今天我很高兴的+),баяртай байх,gao1 xing4 (jin1 tian1 wo3 hen3 gao1 xing4 de+),
vn140,vn,sad,슬프다,печальный,悲伤(悲伤的眼泪的+),гунигтай байх,bei1 shang1 (bei1 shang1 de yan3 lei4 de +),
vn142,vn,poor,가난하다,бедный,穷(贫穷的+),ядуу,qiong2 (pin2 qiong2 de +),
vn143,vn,rich,부유하다,богатый,富(富有的+),баян,fu4 (fu4 you3 de +),
vn148,vn,right,옳다,"прав(а, ы), верный",对(考题作对了的+),зөв,dui4 (kao3 ti2 zuo4 dui4 le de +),
vn149,vn,wrong,그르다,неверный,不对,буруу,bu2 dui4,
vn152,vn,same,같다,одинаковый,一样,адил,yi2 yang4,
vn154,vn,different,다르다,разный,不同,ондоо,bu4 tong2,
vn155,vn,"else, other",다른/다른 것,другой,別的,өөр,bie2 de,
vn158,vn,unfortunate,불행하다,несчастный,不幸(她生活得很不幸的+),азгүй,bu2 xing4 (ta1 sheng1 huo2 de hen3 bu2 xing4 de +),
vn160,vn,brave,용감하다,"смелый, храбрый",勇敢,эр зоригтой,yong3 gan3,
vn164,vn,fear,무섭다,страшный,害怕,аймаар,hai4 pa4,
vn182,vn,interesting,재미있다,интересный,有意思,сонирхолтой,you3 yi4 si,
vn186,vn,busy,바쁘다,"занят(а, ы)",忙(繁忙的+),завгүй,mang2 (fan2 mang2 de +),
vn187,vn,early,이르다(早),ранний,早(来早了的+),эрт,zao3 (lai2 zao3 le de +),
vn188,vn,late,늦다(시간이+),поздний,晚(时间很晚了的+),орой,wan3 (shi2 jian1 hen3 wan3 le de +),
vn196,vn,"resemble, like",닮다(아버지를+),похожий (на отца),像(他长得像爸爸的+),дуурайх,xiang4 (ta1 zhang3 de xiang4 ba4 ba de+),
vn211,vn,fresh,싱싱하다,свежий (напр. огурец),新鲜,шинэхэн,xin1 xian1,
vm002,vm,dont have,없다(나는 돈이+),У меня нет денег.,没有(我没有钱的+),байхгүй,mei2 you3 (wo3 mei2 you3 qian2 de +),
vm004,vm,not exist (v./adj.),없다(여기 엄마가+),Здесь нет мамы.,不在(妈妈不在的+),байхгүй,bu2 zai4 (ma1ma bu2 zai de +),
vm005,vm,give,주다,давать,給(给礼物的+),өгөх,gei3 (gei3 li3 wu4 de +),
vm006,vm,receive,받다,получать,收(收到的+),авах,shou1 (shou1 dao4 de +),
vm007,vm,"take, get",얻다,достать,得到/获得,олох,de2 dao4 /huo4 de2,
vm009,vm,,보내다,посылать,送(送给的+),явуулах,song4 (song4 gei3 de +),
vm010,vm,do,하다,делать,做(做事情的+),хийх,zuo4 (zuo4 shi4 qing2 de +),
vm011,vm,work,일하다,работать,做事,ажиллах,zuo4 shi4,
vm012,vm,ask for,요청하다/구하다,просить,请求(请求你的+),гуйх,qing3 qiu2 (qing3 qiu2 ni3 de +),
vm022,vm,move(vi),움직이다(바위가+),двигаться,动(石头动了+),хөдлөх,dong4 (shi2 tou dong4 le ),
vm023,vm,like,좋아하다,нравиться,喜欢,дуртай байх,xi3 huan,
vm025,vm,love(v),사랑하다,любить,愛(我爱你的+),хайрлах,ai4 (wo3 ai4 ni3 de +),
vm027,vm,hate,미워하다,ненавидеть,恨(我恨你的+),үзэн ядах,hen4 (wo3 hen4 ni3 de +),
vm028,vm,look,보다(watch),смотреть,看(看电视的+),харах,kan4 (kan4 dian4 shi4 de +),
vm029,vm,listen,듣다(listen),слушать,听(听音乐的+),сонсох,ting1 (ting1 yin1 yue4 de+),
vm030,vm,see,보다/보이다(see),видеть,看见,үзэх,kan4 jian4,
vm031,vm,hear,듣다/들리다(hear),слышать,听见,дуулах,ting1 jian4,
vm034,vm,show,보여주다,показывать,给看(给我看看的+）,"үзүүлэх, харуулах",gei3 kan4 (gei3 wo3 kan4 kan de+),
vm035,vm,think,생각하다,думать,想(我想想的+),бодох,xiang3 (wo3 xiang3 xiang de +),
vm037,vm,teach,가르치다,преподавать,教(教书的+),заах,jiao1 (jiao1 shu1 de +),
vm038,vm,learn,배우다,учиться,學(学习的+),сурах,xue2 (xue2 xi2 de +),
vm039,vm,say,말하다,говорить,说(说话的+),хэлэх,shuo1 (shuo1 hua4 de +),
vm040,vm,write,쓰다,писать,写(写字的+),бичих,xie3 (xie3 zi4 de +),
vm041,vm,read,읽다,читать,读(读课文的+),унших,du2 (du2 ke4 wen2 de +),
vm042,vm,talk/chat (v.),이야기하다,рассказывать,谈话,ярих,tan2 hua4,
vm045,vm,ask,묻다(問),спрашивать,问(提问的+),асуух,wen4 (ti2 wen4 de +),
vm047,vm,know,알다,знать,知道,мэдэх/таних,zhi1 dao,
vm048,vm,don't know,모르다,не знать,不知道,"мэдэхгүй, танихгүй",bu4 zhi1 dao,
vm050,vm,understand,이해하다,понимать,懂(懂了吗的+),ойлгох,dong3 (dong3 le ma de +),
vm053,vm,call,부르다,звать,叫(喊叫的+),дуудах,jiao4 (han4 jiao4 de +),
vm059,vm,count,세다(數),считать (деньги),数(数钱的+),тоолох,shu3(shu3 qian2 de +),
vm064,vm,go,가다,идти,去(去上学的+),"явах, очих",qu4 (qu4 shang4 xue2 de +),
vm066,vm,advance,들어가다,,进去,,jin4 qu4,
vm067,vm,go out of,나오다,,出來,,chu1 lai2,
vm068,vm,go out,나가다,,出去,,chu1 qu4,
vm069,vm,return,돌아오다,возвращаться сюда,回來,буцаж ирэх,hui2 lai2,
vm073,vm,depart (v.),떠나다,,走掉/离,,zou3 diao4 /li2,
vm074,vm,depart (v.),떠나가다,,离开(我要离开他的+),,li2 kai1 (wo3 yao4 li2 kai1 ta1 de +),
vm075,vm,start out/depart,출발하다,отправляться,出发,хөдлөх,chu1 fa1,
vm076,vm,arrive,이르다(着)/도달하다,прибывать,到/到达,хүрэх,dao4 /dao4 da2,
vm080,vm,bring,가져오다,приносить,拿來,авчрах,na2 lai2,
vm083,vm,walk,걷다,идти пешком,走(走路的+),алхах,zou3 (zou3 lu4 de +),
vm084,vm,run,달리다,бежать,跑(跑步的+),гүйх,pao3 (pao3 bu4 de +),
vm088,vm,swim,수영하다,плавать,游泳,(усанд) сэлэх,you2 yong3,
vm089,vm,fly,날다,летать,飞(飞翔的+),нисэх,fei1 (fei1 xiang2 de +),
vm099,vm,,일어서다,,起來,,qi3 lai2,
vm102,vm,sit down,앉다,садиться,坐(请坐的+),суух,zuo4 (qing3 zuo4 de +),
vm104,vm,lie down,눕다,ложиться,躺(躺着的+),хэвтэх,tang3 (tang3 zhe de ),
vm122,vm,desire,원하다,желать,愿意,хүсэх,yuan4 yi,
vm127,vm,starve,굶다,голодать,饿(我饿了的+),өлсөх,e4 (wo3 e4 le de +),
vm128,vm,laugh,웃다,смеяться,笑(他笑了的+),инээх,xiao4 (ta1 xiao4 le+),
vm130,vm,cry,울다(일반적으로),плакать,哭(哭泣的+),уйлах,ku1 (ku1 qi4 de +),
vm134,vm,,쥐다/잡다,держать,抓(用手抓的+),барих,zhua1 (yong4 shou3 zhua1 de +),
vm137,vm,need,필요하다(칼이+),нужен нож,要(我要刀的+),хэрэгтэй,yao4 (wo3 yao4 dao1 de +),
vm140,vm,rest,쉬다,отдыхать,休息,амрах,xiu1 xi,
vm141,vm,sleep,자다,спать,睡(睡觉的+),унтах,shui4 (shui4 jiao4 de +),
vm142,vm,get tired,지치다,устать,累(劳累的+),"ядрах, туйлдах",lei4 (lao2 lei4 de +),
vm162,vm,shear sheep,깎다(양털을+),стричь (овечью шерсть),刮(刮羊毛的+),хяргах,gua1 (gua1 yang2 mao2 de +),
vm171,vm,open door,열다(문을+),открывать (дверь),开(开门的+),"нээх, онгойлгох",kai1 (kai1 men2 de +),
vm172,vm,close door,닫다(문을+),закрывать (дверь),关(关门的+),хаах,guan1 (guan1 men2 de +),
vm175,vm,lock,잠그다,запирать,锁(锁门的+),цоожлох,suo3 (suo3 men2 de +),
vm176,vm,change,바꾸다,изменять,换(交换的+),солих,huan4 (jiao1 huan4 de +),
vm197,vm,press,누르다,нажимать,压(往下压得+),дарах,ya1 (wang3 xia4 ya1 de +),
vm198,vm,fall,떨어지다(낙엽 따위가+),падать (напр. листья),落(掉落的+),унах,luo4 (diao4 luo4 de +),
vm201,vm,cut,썰다/자르다(칼로+),резать (ножом),切(切肉的+),хэрчих,qie1 (qie1 rou4 de +),
vm203,vm,mow,베다(풀을+),"косить (траву, сено)",割(割草的+),хадах,ge1 (ge1 cao3 de +),
vm209,vm,hit,때리다/치다,бить,打(打架的+),цохих,da3 (da3 jia4 de +),
vm210,vm,fight,싸우다,драться,打架,зодолдох,da3 jia4,
vm213,vm,get angry,화내다(행동으로+),сердиться,怒/發火,уурлах,nu4 /fa1 huo3,
vm215,vm,be surprised,놀라다,удивляться,惊/惊吓,цочих,jing1 /jing1 xia4,
vm222,vm,begin(vt),시작하다,начинать,开始(我开始做作业了的+),(ажлаа) эхлэх,kai1 shi3 (wo3 kai1 shi3 zuo4 zuo4 ye4 le de +),
vm223,vm,finish,마치다,кончать (напр. работу),終/結束,дуусгах,zhong1 /jie2 shu4,
vm225,vm,continue,계속하다(대화를+),продолжать,继续(继续说话),үргэлжүүлэх,ji4 xu4 (ji4 xu4 shuo1 hua4),
vm230,vm,bite (v. animal),물다(동물이+),кусать (животное),咬(狗咬着骨头的+)),урах,yao3 (gou3 yao3 zhe gu3 tou de +),
vm234,vm,catch,잡다/포획하다,поймать,捉(捉住的+),барих,zhuo1 (zhuo1 zhu4 de +),
vm237,vm,tie up,묶다,,捆绑/系,боох,kun3 bang3 /ji4,
vm238,vm,tie/fasten,매다,,系(系腰带的+),уях,ji4 (ji4 yao1 dai4 de +),
vm239,vm,untie,풀다,развязывать,解开,задлах,jie3 kai1,
vm246,vm,burn(vt),태우다,сжигать,燒(烧纸的+),шатаах,shao1 (shao1 zhi3 de +),
vm262,vm,separate,나누다/분리하다,разделять,分离／分开,хуваах,fen1 li2 /fen1 kai1,
vm267,vm,meet,만나다(약속해서+),встречаться,见面,уулзах,jian4 mian4,
vm268,vm,meet,만나다(우연히+),встречать (случайно),遇見,тааралдах,yu4 jian4,
vm269,vm,dream a dream,꾸다(꿈을+),видеть сон,做(做夢的+),зүүдлэх,zuo4 (zuo4 meng4 de +),
vm270,vm,dream,꿈,сон (напр. страшный сон),夢(做梦的+),зүүд,meng4 (zuo4 meng4 de +),
vm279,vm,trouble,고장(故障)나다,"выйти из строя, сломаться",出故障,эвдрэх,chu1 gu4 zhang4,
vm285,vm,chew,씹다,жевать,嚼(嚼食物的+),зажлах,jiao2 (jiao2 shi2 wu4 de +),
vm290,vm,smell(vt),맡다(냄새를+),нюхать,闻(闻味儿的+),үнэрлэх,wen2 (wen2 wei4r de +),
vm291,vm,touch,만지다,трогать,摸(抚摸的+),гар хүрэх,mo1 (fu3 mo1 de +),
vm300,vm,pick,뜯다/따다(열매를+),рвать (напр. ягоды),采/摘(采果子的+),түүх,cai3/zhai1(cai3 guo3 zi de +),
vm302,vm,throw,던지다,бросать,擲/扔,шидэх,zhi4 /reng1,
vm315,vm,"mend, repair",고치다/수선하다,"чинить, ремонтировать",修理,засах,xiu1 li3,
vm321,vm,raise,들다/올리다,поднимать,举(举起的+),өргөх,ju3 (ju3 qi3 de +),
vm328,vm,pull out,뽑다/빼다(풀을+),вынимать (меч из ножен),拔(拔草的+),өвс ногоо зулгаах,ba2 (ba2 cao3 de +),
vm337,vm,put,싣다,грузить,装(装车的+),ачих,zhuang1 (zhuang1 che1 de +),
vm341,vm,wash,씻다,мыть,洗(洗手的+),угаах,xi3 (xi3 shou3 de +),
vm355,vm,turn on a light,켜다(전등을+),включать (свет),点/开(点灯的+),ассах (чийдэн+),dian3 /kai1 (dian3 deng1 de +),
vm357,vm,light(v),피우다(불을+),зажигать,点(点火的+),асаах (гал+),dian3 (dian3 huo3 de +),
vm358,vm,turn off,끄다(불을+),тушить,灭(熄灭的+),унтраах (гал+),mie4 (xi1 mie4 de +),
vm359,vm,lose,잃어버리다,потерять,丟(丢失的+),гээх,diu1 (diu1 shi1 de +),
vm362,vm,search/look for,찾다(좁은 범위에서+),,找(找人的+),,zhao3 (zhao3 ren2 de +),
vm363,vm,find,발견하다/찾다,найти,发现/找着,олж нээх,fa1 xian4 /zhao3 zhao2,
vm364,vm,get lost,잃다(길을+),"терять дорогу, заблудиться",迷路,төөрөх,mi2 lu4,
vm366,vm,use,쓰다/사용하다,использовать,使用,хэрэглэх,shi3 yong4,
vm367,vm,play,놀다,играть,玩儿,наадах,wan2r,
vm377,vm,help,돕다,помогать,帮助/帮忙,туслах,bang1 zhu4,
vm381,vm,get well,낫다(治),выздоравливать,痊愈/病好了,эдгэх,quan2 yu4/bing4 hao3 le,
vm383,vm,wait,기다리다,ждать,等候,хүлээх,deng3 hou4,
vm384,vm,drive,몰다(소 떼를+),гнать (стадо коров),赶(赶牛群的+),туух,gan3 (gan3 niu2 qun2 de +),
vm388,vm,steal,훔치다,красть,偷(偷东西的+),хулгайлах,tou1 (tou1 dong1 xi de +),
vm393,vm,believe,믿다,верить,相信,итгэх,xiang1 xin4,
vm395,vm,forget,잊어버리다,забывать,忘记,мартах,wang4 ji4,
vm400,vm,know how to,~할 줄 알다,уметь,会(我会说英语的+),чадах,hui4 (wo3 hui4 shuo1 ying1 yu3 de +),
vm406,vm,climb,오르다(산에+),подниматься (в гору),上(上山的+),ууланд гарах,shang4 (shang4 shan1 de +),
vm407,vm,climb down,하산하다,спускаться с горы,下(下山的+),уулнаас уруудах,xia4 (xia4 shan1 de +),
vm408,vm,climb,오르다(말에+),сесть (на лошадь),上(上马的+),унах,shang4 (shang4 ma3 de +),
vm425,vm,boil(vi),끓다(물이+),кипеть,开(水开了的+),буцлах,kai1 (shui3 kai1 le de +),
vm426,vm,bear,낳다(아이를+),родить (ребёнка),生(生孩子的+),төрүүлэх,sheng1 (sheng1 hai2 zi de +),
vm427,vm,breed,낳다(새끼를+),родить (детёныша),下(下牛犊的+),зулзагалах,xia4 (xia4 niu2 du2 de +),
vm428,vm,be born,태어나다,родиться,出生,төрөх,chu1 sheng1,
vm429,vm,live,살다,жить,活(活着的+),амьдрах,huo2 (huo2 zhe de +),
vm430,vm,die,죽다,умирать,死(死去的+),үхэх,si3 (si3 qu4 de +),
vm434,vm,yoke horse,메우다(마구를+),запрягать,套(套马的+),буулгах,tao4 (tao4 ma3 de +),
vm436,vm,castrate,거세하다,кастрировать,骟(骟马的+),агтлах,shan4 (shan4 ma3 de +),
vm437,vm,milk a cow,짜다(우유를+),доить,挤(挤牛奶的+),саах,ji3 (ji3 niu2 nai3 de +),
vm447,vm,make,만들다(물건을+),делать (напр. стол),做(做东西的+),хийх,zuo4 (zuo4 dong1 xi de+),
vm472,vm,peel,까다(껍질을+),"очищать(кожуру), чистить (фрукты)",剥(剥皮的+),хальслах,bao1 (bao1 pi2 de +),
vm477,vm,"set, put",놓다,класть,放/搁(放下的+),тавих,fang4 /ge1 (fang4 xia de +),
vm478,vm,make stand,세우다,ставить,立起来,босгох,li4 qi3 lai2,
vm481,vm,"collect, gather",모으다,собирать (напр. марки),收集,цуглуулах,shou1 ji2,
vm488,vm,pray,빌다,молиться,祈求,залбирах,qi3 qiu2,
vm516,vm,want,싶다(나는 먹고+),Я хочу есть.,想(我想吃饭的+),Би (хоол) идмээр байна.,xiang3 (wo3 xiang3 chi1 fan4 de +),
vm563,vm,wound,다치다(발을+),ранить (ногу),伤(受伤的+),гэмтэх,shang1(shou4 shang1 de +),
vm586,vm,point out,가리키다,указывать,指(指点的+),заах,zhi3 (zhi3 dian3 de +),
vm609,vm,have,가지다,иметь,拿(拿东西的+),авах,na2 (na2 dong1 xi de +),
vs046,vs,suddenly,갑자기,вдруг,突然,гэнэт,tu1 ran2,
vs055,vs,slowly,천천히,медленно,慢慢儿,удаан,man4 man4r,
vs056,vs,quickly,빨리,быстро,快(快点儿的+),хурдан,kuai4 (kuai4 dian3r de +),
vs058,vs,always,항상/언제나,всегда,常常/经常,ямагт,chang2 chang2 /jing1 chang2,
vs060,vs,"too, also",역시/또한,"тоже, также",也(我也是中国人的+),бас,ye3 (wo3 ye3 shi4 zhong1 guo2 ren2 de +),
vs079,vs,Don't (eat).,~지 마라(먹지+),Не ешь.,別(~做)(别吃了的+),битгий,bie2 (bie2 chi1 le de +),